﻿Designator,Quantity,Value,Footprint,Package,MPN,DNP,Mount_Type,Description,MF,MAXIMUM_PACKAGE_HEIGHT,Price,Check_prices,STANDARD,PARTREV,SnapEDA_Link,MP,Description_1,SNAPEDA_PN,Availability,MANUFACTURER
"J1, J3",2,Conn_01x05_Socket,JST_XH_B5B-XH-A_1x05_P2.50mm_Vertical,,,,tht,"Generic connector, single row, 01x05, script generated",,,,,,,,,,,,
J2,1,Conn_01x02_Socket,JST_XH_B2B-XH-A_1x02_P2.50mm_Vertical,,,,tht,"Generic connector, single row, 01x02, script generated",,,,,,,,,,,,
Q1,1,2N3904,TO-92_Inline,,,,tht,"0.2A Ic, 40V Vce, Small Signal NPN Transistor, TO-92",,,,,,,,,,,,
R1,1,1k,R_Axial_DIN0207_L6.3mm_D2.5mm_P7.62mm_Horizontal,,,,tht,Resistor,,,,,,,,,,,,
U1,1,ESP32C3,XIAO_ESP32,None,,,smt,,"Seeed Technology Co., Ltd",N/A,None,https://www.snapeda.com/parts/113991054/Seeed+Studio/view-part/?ref=eda,Manufacturer Recommendations,23/05/2022,https://www.snapeda.com/parts/113991054/Seeed+Studio/view-part/?ref=snap,113991054,"- ESP32-C3 Transceiver; 802.11 a/b/g/n (Wi-Fi, WiFi, WLAN), Bluetooth® Smart 4.x Low Energy (BLE) 2.4GHz Evaluation Board",113991054,In Stock,Seeed Technology
