﻿pos_x,pos_y,rotation,side,designator,mpn,pack,footprint,value,mount_type
165.55,-95.0,-90.0,top,J1,,,JST_XH_B5B-XH-A_1x05_P2.50mm_Vertical,Conn_01x05_Socket,tht
154.0,-92.888,0.0,top,J2,,,JST_XH_B2B-XH-A_1x02_P2.50mm_Vertical,Conn_01x02_Socket,tht
173.5,-95.0,-90.0,top,J3,,,JST_XH_B5B-XH-A_1x05_P2.50mm_Vertical,Conn_01x05_Socket,tht
156.77,-107.0,180.0,top,Q1,,,TO-92_Inline,2N3904,tht
151.5,-99.5,0.0,top,R1,,,R_Axial_DIN0207_L6.3mm_D2.5mm_P7.62mm_Horizontal,1k,tht
132.268,-100.0,90.0,top,U1,,None,XIAO_ESP32,ESP32C3,smt
